Name,Comment,Time,Likes,Reply Count
Foot Global HD,ูุงูุณ ุจุงุฑุชุงุฌ ุดุจุงุจ ๐,2022-01-08T21:20:02Z,48,0
Drqi Sik,ูู ูุจูุงู๐ฑ๐ง ุนุงุด ุงูููุชุฎุจ ุงูุชููุณู๐น๐ณ ุจุงูุชูููู,2022-04-14T02:10:24Z,1,0
Hgh Tgsjd,Gool10,2022-04-13T21:31:40Z,0,0
Hgh Tgsjd,10,2022-04-13T21:31:22Z,0,0
ุงูููุฒู ุงูุฌุฑุจู Djerba house,โค๏ธ๐น๐ณโค๏ธ,2022-04-10T20:23:49Z,0,0
Choukri Hafsi,ุชุญูุง ุชููุณ  ๐น๐ณ๐น๐ณ๐น๐ณ๐น๐ณ๐น๐ณ๐น๐ณ๐น๐ณ,2022-04-09T16:13:19Z,1,0
Yahya Mnafakh,๐น๐ณ๐ชโฅ๏ธm,2022-04-09T10:43:53Z,0,0
BOY,ุชุญูู ุชููุณ ู ูู ุงูุนุฑุจ ๐น๐ณ,2022-04-08T13:45:53Z,3,0
Omar Anime T.V,"ูุงุฐู ุตูุงุฑูุฎ ุชููุณ ุงููุงุณ ุงูุณุฎูุฑู
ุงููุฑูุฒ 4 ู 3 ู 1",2022-04-07T22:47:04Z,1,0
Moncef Zneidi,ูุฏู ุงูุฌุฒูุฑู ู ุงูุณุฎูุฑู ู ุจู ุณูููุงู ุฑูุนุฉ ุฌุฏุง ูููุชุงุฒ ุงุญุณูุชู ูุง๐น๐ณ๐น๐ณ๐น๐ณ๐น๐ณ๐น๐ณ๐น๐ณ๐น๐ณ๐น๐ณ ูุณูุฑ ูุฑุทุงุฌ,2022-04-02T11:38:16Z,3,0
curly-haired cow,Brassomkom jiboulna ben arbi fel wc,2022-03-30T22:24:41Z,0,0
Hedi Daoud,ุฑุจุงุญุฉ ุงูููู ุถุฏ ุงููุงูู,2022-03-29T12:05:58Z,0,0
ANIS seddiki,4,2022-03-25T12:38:36Z,0,0
baccari hedi,ููุฌุฏ ุงูุฏุงู ุงูุถู ูููู ุจูุซุซุซุซุซุซุซุซุซุซุซุซุซุซุซุซุซุซุซุซุซุซุซุซุซุซุซุซุซูุฑ,2022-03-23T18:55:27Z,0,1
ุงููู ุงูููุจ ูุฑู_ูุงูุฑ,ุงูููุฏูู ุนู ุงูุฏุงู  ุณูุฉ2021,2022-04-05T10:43:10Z,1,
Kochbati Laased,ุชุญูุง ุชููุณ,2022-03-19T12:14:18Z,0,0
ุจูุจููุฏุฑ ุฅูุงุฏ,ุฃุญุจู ูุง ุชููุณ ๐ช๐ฌ๐ฉ๐ฟ๐น๐ณโฅ๏ธ,2022-03-08T11:52:23Z,1,0
Ramadan Kareemโญ,ุนุงูุฏู ุจูุงููู ุจุงูุนูุณุฉ ุชุงุนู,2022-03-07T10:10:29Z,1,2
Un peu de tout,ุนูุณุฉ ุงูุจูุงููู ุงุฎุฐูุง ูู ุงูุชุฑุฌู ูู ูุงู ููุนุจ ูููุง โฆุงุญูุง ุงูุงุตู ู ูุณุชุญูู ูููุฏู ุญุชู ุญุฏ,2022-04-09T21:19:24Z,0,
ุฎูุชุงุด ููููุฉ,ูุฏู ุณูู ุงูุฏูู ุงูุฌุฒูุฑู ูู ุงูุงูุถู,2022-02-19T13:59:07Z,0,0
Malek Malek,๐๐๐โค๐,2022-02-12T21:21:47Z,0,0
Malek Malek,๐๐๐๐๐โค๐๐,2022-02-12T21:21:00Z,0,0
Sana Younes,ุชุญูุง ุชููุณ. ุงูุณุฎูููููููููุฑููููู,2022-02-12T17:55:44Z,0,0
Noureddine Euchi,ูุฏู ุงูุณุฎูุฑู ุงูุซุงูู,2022-02-12T01:09:50Z,1,0
Lalbi Bali,ููููู ูููุฑูู  ูุงู  ุถุฏ ุงูููุชุฎุจุงุช ุงููุถุนุถุนุฉ  ููุงูู  ูุด  ูุนุฌุจ ุงููู  ููู  ูุฐุง ูุงูุฏ  ูุง ุนูุงุด  ุงุฏุงุฑุฉ  ุจุงููุฉ   ูุง ูู ุงูุฌุงูุนุฉ  ูุง  ูู ุงูููููู ูุชุน ุงูููุชุฎุจ  ูุชุฑุจุญูู,2022-02-11T15:55:16Z,0,0
Badri Zeiden,๐ฉ๐ฟ ุงุญุจู ๐ ุชุญูุงุชู ููู ูู ๐น๐ณ,2022-02-09T07:29:40Z,2,1
Omar Chebbi,๐คซ๐คซ๐คซ๐คซ๐คซ๐คฌ๐คฌ๐คฌ๐คฌ๐คฌ,2022-04-03T11:53:15Z,0,
Kraiem Omar,ุงูุฌุฒุงุฆุฑ ูุง ุจุงููุฉ ูู ุชุญูุงุชู ููู โค๏ธโค๏ธโค๏ธ,2022-02-06T18:53:02Z,2,0
elโขboss_yt /,Musique name,2022-02-05T19:38:55Z,0,0
Jamii Sarra,ุงููุงุฏ ุจูุงุฏู ๐น๐ณ๐น๐ณ๐น๐ณ๐น๐ณ๐น๐ณ ุฑุจู ูุนุงูู,2022-02-05T04:30:05Z,1,0
Yacine Benrabia,ููู ูููุง ุนุงุกูุฉ ูุงุดุจุงุจ,2022-02-04T19:23:31Z,0,0
Mano,ุชููุณ๐๐๐๐๐๐๐,2022-02-04T11:35:57Z,2,0
ray1919,1,2022-02-03T12:52:27Z,0,0
Omar Regueg,ุฃูุฏุงู ูุงุฑูุฉ,2022-02-03T10:29:54Z,2,0
Rs Dkss,ุฎุงูุชูุง ูุญุจููู ูู ุงูุฌุฒุงุฆุฑ,2022-02-03T10:00:44Z,1,0
Rawdha haj abdallah,anis ben slimen bravoo,2022-02-02T18:54:08Z,0,0
ูููุนุงุช ูููุฏุฉ Divers utiles ,https://youtu.be/TXpALRCIaww,2022-02-02T18:07:35Z,0,0
IYED,5awa 5awa ๐ฉ๐ฟ๐น๐ณ,2022-02-02T16:08:46Z,4,1
Omar Chebbi,๐คฃ๐คฃ๐คฃ๐คฃ๐คฃ๐คฃ๐คฃ๐คฃ๐คซ๐คซ๐คซ๐คซ๐คซ๐คซ๐คซ,2022-04-03T11:52:16Z,0,
Ryzen,ุชุญูุฉ ููุดุนุจ ุงูุฌุฒุงุฆุฑู ุฎูุงุชูุง โคโค,2022-02-02T15:16:29Z,5,1
bouaita mohamed khaqlil,ุงุงุงุงุงุงุงุงุงุงุงุง,2022-02-02T12:20:45Z,1,0
noufel alger,ููู ุดุชู ุงูุณุญุฑ ูู ุญุทุช ุบููู ุงูุงุณุชูุงุฆูุฉ ูุชููุณ ุนูุฏ ุงูููุฏูู ูุชุงูุฏู,2022-02-02T09:53:28Z,1,0
Ali Onallah,1,2022-02-01T22:59:06Z,1,0
Hermassi Zied,Sliti,2022-02-01T20:53:28Z,0,0
sahbeni louay,ุชุญูุง ุชููุณ,2022-02-01T19:40:34Z,1,0
BenHmida Salim,ูุง ูู ุชููุณ ุจุงูุญู,2022-02-01T19:38:31Z,1,0
nada abdallah,ุงุญุณู ูุฏู  ูุฏู ูุฑุงุณ ุจุงูุนุฑุจู,2022-02-01T14:59:34Z,5,0
Kais Saidani,ููุฏููุช ูุฐู ุงูุฃูุฏุงู ุงูุฑุฅุนุช ุชููุณ,2022-02-01T12:46:34Z,3,0
THE GAME FRYSTYLE,๐น๐ณ๐น๐ณ๐น๐ณ๐น๐ณ๐น๐ณ๐น๐ณ๐น๐ณ๐น๐ณ๐น๐ณ๐น๐ณ๐ฅ๐ฅ๐ฅ,2022-02-01T07:26:57Z,2,0
mayssa mayssa,Tahya tounes ๐น๐ณโ๐ฆโค,2022-01-31T19:47:55Z,7,0
YT YT,๐น๐ณโค๏ธ๐ฉ๐ฟ,2022-01-31T12:49:30Z,8,0
Amen allah Abidi,ุฃุญุณู ูุฏู ูู ุงููุฏู ุงูุฃุฎูุฑ,2022-01-31T11:15:35Z,7,0
Kalthoum Terkhani,๐น๐ณ๐น๐ณ๐น๐ณ๐น๐ณโคโคโค,2022-01-31T07:43:50Z,7,1
Kalthoum Terkhani,ุชุญูุง ุชู ูู ุชููุณ,2022-01-31T07:44:40Z,1,
Rihab Sandli,ูููฺจููููููููููููููููููููู,2022-01-30T08:28:04Z,0,0
ZรEฤ,#1 ๐ฅ๐ฅ๐ฅ,2022-01-29T11:51:03Z,2,0
BAKALEWA,ุณุนููุง ุงูุงูุงุฑุงุช ุณุนู,2022-01-29T11:18:18Z,0,0
Achref Achtrik,ูุฏู ุฑูู1 ุงูุณุฎูุฑู ุตุงุงุงุงุงุงุงุงุงุงุงุงุงุงุงุงุงุงุงุงุงุงุงุงุงุงุงุงุงุงุงุงุฑูููููููููููููููููููููููููููููุฎ,2022-01-29T10:11:14Z,3,0
Meriam Lahmar,๐น๐ณโค๏ธ๐ฉ๐ฟ,2022-01-29T09:11:31Z,7,0
Diabolo,"ูุฏู ุงูุณูุชู ุฑุงุงุงุงุงุงุงุงุงุงุงุงุงุงุงุงุงุฆุน ูุง ุจู ุชููุณ ููู ูุง ุนุจ ุงุฎูุงู ูุฎูู ูุชุฑุจูุฉ ูุงุดุงุกุงููู
ููุฏู ุจู ุณูููุงู ุฑุงุฆุน ุฃูุถุง",2022-01-29T08:29:00Z,8,0
M.R.D The king,"ุนุจุงุฏ ุชูุดุฑ ูู ุงููุชูุฉ ๐
ูุนุจุงุฏ ุชุฒูุฏ ุชุญุจุจ ููููุจ ูุจุนุถูุง โค๏ธ๐",2022-01-29T00:08:58Z,12,0
ุงููุฑุฉ ุงูุนุฑุจูุฉ,dziri fratelo merci,2022-01-27T17:27:57Z,0,0
K_EYE,ุฃูู ูุฏู ุงูุฌุฒูุฑู ุจุงูุชุงููู,2022-01-26T04:42:56Z,4,0
Mohamed+blingos,ุจุฑุณ ุฃูู ุฏูุฑ ุงุญุณู ูุฏู ุนูู ูุนููู,2022-01-24T15:52:57Z,0,0
Mejri Aziz,Firas,2022-01-23T17:40:46Z,0,0
Nobody,ุดูุฑุง ุฌุฒููุง ุฃุฎู ูุจูู ุฃุญุณู ูุฏู ูู ุฑูู ูุงุญุฏ ูุฏู ุงูุณุฎูุฑู ุงูุตุงุฑูุฎู ูุฃุญุณูุช ุงูุฅุฎุชูุงุฑ...,2022-01-17T20:37:27Z,30,0
Saradio,ููุนุฑูุฉ ูุฏู ูุฑุฉ ุงููุฏู ุงูุฐู ุฃุดุนู ุญุฑุจุง ุจูู ุฏููุชูู ูุฃุณุจุงุจ ุฎููู ู ุงูุนุฏูุฏ ูู ุงููุนูููุงุช ุงูุนุงูู ุงููุงุฏูู ุชุณุนุฏูู ูุชุงุจุนุชูู,2022-01-09T21:49:56Z,0,0
Loude Loude,Rabi ya7fadh dz w Palestine w Tunis men keyd el keidin๐น๐ณโฅ๏ธ๐ฉ๐ฟโฅ๏ธ๐ต๐ธ,2022-01-09T14:32:05Z,16,1
Porsche 3bouda,ุชุญูุง ุชููุณ ๐น๐ณ ุชุญูุง ุงูุฌุฒุงุฆุฑ ๐ฉ๐ฟ ุงูุนุฒุฉ ู ุงููุฑุงูุฉ ูููุณุทูู ๐ต๐ธ,2022-02-03T11:22:06Z,0,
Lotfi Mabrouk,ุงููุฏู ุงูุงูู,2022-01-09T05:27:24Z,3,0
Ettounsi๐น๐ณ,ุงุฏุนูููุง ุดุจุงุจ ุจุงุดุชุฑุงูโค๏ธ ุชุบุทูุฉ ุญุตุฑูุฉ ููุฃุณ ุฅูุฑูููุง ููุฃูู ุงููุงููุฑูู 2022โฝโฝ,2022-01-08T22:18:02Z,0,0
Ed Zio,ูุนุฌุจูู ุงูููุชุฎุจ ุงูุชููุณู ููุนุจ ูุฑุฉ ุฌูููุฉ,2022-01-08T21:56:11Z,50,0
ููุดุฎ ๐ง๐ช,ุฎูุงุชูุง ุงูุบุงูููู ๐น๐ณโค๏ธ๐ฆ๐ฉ๐ฟ,2022-01-08T21:40:16Z,89,0
F77,ุชุญูุง ูู ุงุฎู ุงููุฑูู ุฎุงูุฉ ุฎุงูุฉ โฅ๏ธโฅ๏ธ๐น๐ณ๐ฉ๐ฟ,2022-01-08T20:39:38Z,32,0
ุจุงููู dz,ุจุงูู 20 ุซุงููุฉ,2022-01-08T20:36:18Z,1,0
ุจุงููู dz,ุจูู 40 ุซุงููุฉ,2022-01-08T20:35:54Z,1,0
haouatia anes,ููุงุด ููู ุจูุช ุชุงุน ุจูุงููู,2022-01-08T20:35:38Z,2,3
Ahlem Ahlem,ูู ูู ูุญุถุฑ ุชุญุถุฑูุง ุฑุฏูุชูู ูุฏุฑู ุงูุฎุฑุง ูุชุงุนูู,2022-01-28T15:24:02Z,4,
HANNฤฑBAล,"ุดูู ูุฐุง ู ุดูู ุดููู ุงูุญุงุฑุณ ๐๐
https://youtu.be/nQGWrv-MCac",2022-01-09T00:04:26Z,0,
ุจุงููู dz,ุงูู,2022-01-08T20:35:05Z,2,1
ali sabri,tunsia,2022-04-01T15:32:01Z,0,
